{
    "loss": 15.31257438659668,
    "accuracy": 0.5686274766921997
}