{
    "loss": 10.563811302185059,
    "accuracy": 0.7843137383460999
}